congress,chamber,icpsr,state_icpsr,district_code,state_abbrev,party_code,occupancy,last_means,bioname,bioguide_id,born,died,nominate_dim1,nominate_dim2,nominate_log_likelihood,nominate_geo_mean_probability,nominate_number_of_votes,nominate_number_of_errors,conditional,nokken_poole_dim1,nokken_poole_dim2
116,House,20301,41,3,AL,200,,,"ROGERS, Mike Dennis",R000575,1958,,0.353,0.459,-157.1292,0.78729,657,64,,0.52,0.346
116,House,21102,41,7,AL,100,,,"SEWELL, Terri",S001185,1965,,-0.391,0.402,-26.12086,0.96165,668,11,,-0.435,0.395
116,House,21192,41,2,AL,200,,,"ROBY, Martha",R000591,1976,,0.361,0.656,-86.63883,0.87539,651,30,,0.341,0.671
116,House,21193,41,5,AL,200,,,"BROOKS, Mo",B001274,1954,,0.647,-0.446,-124.8125,0.83321,684,50,,0.776,-0.367
116,House,21376,41,1,AL,200,,,"BYRNE, Bradley",B001289,1955,,0.611,0.244,-101.01973,0.84965,620,40,,0.709,0.165
116,House,21500,41,6,AL,200,,,"PALMER, Gary James",P000609,1954,,0.71,-0.047,-96.21326,0.86949,688,41,,0.665,0.062
116,House,29701,41,4,AL,200,,,"ADERHOLT, Robert",A000055,1965,,0.367,0.595,-104.20388,0.85313,656,37,,0.437,0.684
116,House,14066,81,1,AK,200,,,"YOUNG, Donald Edwin",Y000033,1933,,0.284,0.021,-200.70636,0.73981,666,74,,0.348,0.055
116,House,20305,61,3,AZ,100,,,"GRIJALVA, Raúl M.",G000551,1948,,-0.599,-0.256,-20.80602,0.96845,649,8,,-0.578,-0.613
116,House,20902,61,2,AZ,100,,,"KIRKPATRICK, Ann",K000368,1950,,-0.163,-0.006,-40.94316,0.93329,593,17,,-0.362,0.422
116,House,21103,61,4,AZ,200,,,"GOSAR, Paul",G000565,1958,,0.676,-0.419,-111.88885,0.84186,650,44,,0.919,-0.395
116,House,21105,61,6,AZ,200,,,"SCHWEIKERT, David",S001183,1962,,0.59,-0.324,-186.75194,0.76228,688,88,,0.517,-0.305
116,House,21502,61,7,AZ,100,,,"GALLEGO, Ruben",G000574,1979,,-0.452,-0.02,-17.53665,0.97447,678,9,,-0.454,0.018
116,House,21705,61,5,AZ,200,,,"BIGGS, Andrew S.",B001302,1958,,0.882,-0.471,-89.89788,0.87548,676,29,,1.0,-0.03
116,House,21739,61,1,AZ,100,,,"O'HALLERAN, Thomas C.",O000171,1946,,-0.185,0.151,-39.69828,0.94361,684,14,,-0.338,0.437
116,House,21757,61,8,AZ,200,,,"LESKO, Debbie",L000589,1958,,0.608,-0.036,-96.20631,0.86771,678,45,,0.596,0.002
116,House,21968,61,9,AZ,100,,,"STANTON, Greg",S001211,1970,,-0.313,-0.08,-16.00672,0.977,688,6,,-0.313,-0.079
116,House,21106,42,1,AR,200,,,"CRAWFORD, Rick",C001087,1966,,0.409,0.494,-75.17379,0.88802,633,35,,0.5,0.551
116,House,21108,42,3,AR,200,,,"WOMACK, Steve",W000809,1957,,0.354,0.589,-57.28774,0.92033,690,20,,0.373,0.658
116,House,21503,42,2,AR,200,,,"HILL, French",H001072,1956,,0.454,0.229,-79.52374,0.89054,686,29,,0.417,0.361
116,House,21563,42,4,AR,200,,,"WESTERMAN, Bruce Eugene",W000821,1967,,0.548,0.355,-66.32525,0.90694,679,24,,0.545,0.507
116,House,15448,71,12,CA,100,,,"PELOSI, Nancy",P000197,1940,,-0.49,-0.206,-0.50177,0.99021,51,0,,-0.407,0.176
116,House,20104,71,28,CA,100,,,"SCHIFF, Adam",S001150,1960,,-0.349,-0.128,-11.4388,0.98351,688,2,,-0.416,-0.008
116,House,20108,71,53,CA,100,,,"DAVIS, Susan A.",D000598,1944,,-0.344,-0.106,-10.3814,0.98487,681,1,,-0.373,-0.055
116,House,20307,71,22,CA,200,,,"NUNES, Devin",N000181,1973,,0.449,0.213,-69.58214,0.90341,685,25,,0.458,0.401
116,House,20310,71,38,CA,100,,,"SÁNCHEZ, Linda T.",S001156,1969,,-0.508,-0.137,-12.06596,0.98213,669,5,,-0.513,-0.036
116,House,20501,71,16,CA,100,,,"COSTA, Jim",C001059,1952,,-0.191,0.468,-84.49422,0.88348,682,31,,-0.389,0.837
116,House,20538,71,6,CA,100,,,"MATSUI, Doris",M001163,1944,,-0.434,-0.161,-26.87042,0.96142,683,9,,-0.389,0.124
116,House,20702,71,9,CA,100,,,"McNERNEY, Jerry",M001166,1951,,-0.261,-0.15,-15.23747,0.97738,666,5,,-0.402,-0.171
116,House,20703,71,23,CA,200,,,"MCCARTHY, Kevin",M001165,1965,,0.459,0.21,-85.92915,0.88096,678,39,,0.428,0.345
116,House,20762,71,14,CA,100,,,"SPEIER, Karen Lorraine Jacqueline (Jackie)",S001175,1950,,-0.381,-0.448,-37.05447,0.945,655,8,,-0.295,-0.249
116,House,20903,71,4,CA,200,,,"McCLINTOCK, Tom",M001177,1956,,0.719,-0.472,-157.48887,0.7919,675,89,,0.643,-0.368
116,House,20955,71,27,CA,100,,,"CHU, Judy",C001080,1953,,-0.487,-0.376,-11.57735,0.98331,688,4,,-0.424,-0.406
116,House,20958,71,3,CA,100,,,"GARAMENDI, John",G000559,1945,,-0.309,-0.095,-27.14456,0.96075,678,6,,-0.301,-0.062
116,House,20963,71,50,CA,200,,,"HUNTER, Duncan Duane",H001048,1976,,0.539,0.085,-124.54558,0.79736,550,57,,0.637,-0.1
116,House,21110,71,37,CA,100,,,"BASS, Karen",B001270,1953,,-0.585,-0.106,-15.53549,0.97635,649,8,,-0.572,-0.43
116,House,21302,71,1,CA,200,,,"LaMALFA, Doug",L000578,1960,,0.537,0.104,-102.56392,0.85767,668,44,,0.514,0.143
116,House,21303,71,2,CA,100,,,"HUFFMAN, Jared",H001068,1964,,-0.426,-0.545,-22.94164,0.96604,664,7,,-0.399,-0.656
116,House,21304,71,7,CA,100,,,"BERA, Ami",B001287,1965,,-0.232,0.014,-26.29338,0.96256,689,11,,-0.356,0.307
116,House,21305,71,8,CA,200,,,"COOK, Paul",C001094,1943,,0.376,0.201,-97.26502,0.86617,677,39,,0.33,0.351
116,House,21306,71,15,CA,100,,,"SWALWELL, Eric",S001193,1980,,-0.368,-0.106,-19.28639,0.96253,505,7,,-0.518,0.273
116,House,21308,71,26,CA,100,,,"BROWNLEY, Julia",B001285,1952,,-0.286,0.051,-27.73688,0.95986,677,12,,-0.363,0.198
116,House,21309,71,29,CA,100,,,"CÁRDENAS, Tony",C001097,1963,,-0.383,0.021,-24.45961,0.96335,655,12,,-0.513,0.078
116,House,21311,71,36,CA,100,,,"RUIZ, Raul",R000599,1972,,-0.242,0.062,-36.59446,0.94835,690,15,,-0.389,0.249
116,House,21312,71,41,CA,100,,,"TAKANO, Mark",T000472,1960,,-0.463,-0.259,-13.92377,0.97958,675,5,,-0.39,-0.329
116,House,21313,71,47,CA,100,,,"LOWENTHAL, Alan",L000579,1941,,-0.45,-0.369,-11.91598,0.98283,688,3,,-0.475,-0.522
116,House,21314,71,51,CA,100,,,"VARGAS, Juan",V000130,1961,,-0.399,0.104,-26.67194,0.96109,672,9,,-0.527,-0.192
116,House,21315,71,52,CA,100,,,"PETERS, Scott",P000608,1958,,-0.179,-0.048,-56.52351,0.9191,670,24,,-0.214,0.171
116,House,21504,71,11,CA,100,,,"DESAULNIER, Mark James",D000623,1952,,-0.529,-0.36,-9.87582,0.9856,681,3,,-0.443,-0.544
116,House,21506,71,31,CA,100,,,"AGUILAR, Peter Rey",A000371,1979,,-0.291,0.135,-46.13513,0.93478,684,18,,-0.478,0.428
116,House,21507,71,33,CA,100,,,"LIEU, Ted",L000582,1969,,-0.371,-0.265,-20.33136,0.96934,653,6,,-0.623,-0.335
116,House,21508,71,35,CA,100,,,"TORRES, Norma Judith",T000474,1965,,-0.361,0.021,-24.11936,0.9651,679,9,,-0.405,-0.054
116,House,21703,71,44,CA,100,,,"BARRAGÁN, Nanette Diaz",B001300,1976,,-0.51,0.065,-16.60384,0.97581,678,9,,-0.485,-0.446
116,House,21709,71,24,CA,100,,,"CARBAJAL, Salud",C001112,1964,,-0.3,0.139,-15.61036,0.97763,690,3,,-0.372,0.03
116,House,21711,71,46,CA,100,,,"CORREA, Jose Luis",C001110,1958,,-0.279,0.319,-51.85814,0.92626,677,25,,-0.317,0.179
116,House,21728,71,17,CA,100,,,"KHANNA, Rohit",K000389,1976,,-0.582,-0.22,-29.41068,0.95815,688,7,,-0.319,-0.566
116,House,21740,71,20,CA,100,,,"PANETTA, James Varni",P000613,1969,,-0.304,0.044,-35.25567,0.95019,690,15,,-0.292,0.237
116,House,21754,71,34,CA,100,,,"GOMEZ, Jimmy",G000585,1974,,-0.593,-0.071,-20.7372,0.97009,683,11,,-0.43,-0.446
116,House,21907,71,39,CA,100,,,"CISNEROS, Gil",C001123,1972,,-0.367,0.565,-44.91727,0.9368,688,15,,-0.367,0.57
116,House,21909,71,21,CA,100,,,"COX, TJ",C001124,1963,,-0.327,0.427,-41.39624,0.94094,680,12,,-0.326,0.43
116,House,21930,71,10,CA,100,,,"HARDER, Josh",H001090,1986,,-0.374,0.765,-57.88559,0.91874,683,14,,-0.373,0.77
116,House,21932,71,25,CA,100,,,"HILL, Katie",H001087,1987,,-0.306,0.114,-20.26703,0.96104,510,8,,-0.305,0.113
116,House,21939,71,49,CA,100,,,"LEVIN, Mike",L000593,1978,,-0.388,0.101,-15.88786,0.97724,690,4,,-0.387,0.102
116,House,21954,71,45,CA,100,,,"PORTER, Katie",P000618,1974,,-0.168,0.059,-82.64509,0.88508,677,35,,-0.168,0.063
116,House,21960,71,48,CA,100,,,"ROUDA, Harley",R000616,1961,,-0.328,0.533,-37.79487,0.94547,674,10,,-0.327,0.538
116,House,29106,71,43,CA,100,,,"WATERS, Maxine",W000187,1938,,-0.653,-0.072,-52.55482,0.92583,682,17,,-0.559,0.418
116,House,29312,71,18,CA,100,,,"ESHOO, Anna Georges",E000215,1942,,-0.381,-0.427,-11.9138,0.98232,668,6,,-0.363,-0.223
116,House,29317,71,40,CA,100,,,"ROYBAL-ALLARD, Lucille",R000486,1941,,-0.47,-0.189,-9.52923,0.98598,675,4,,-0.433,-0.173
116,House,29323,71,42,CA,200,,,"CALVERT, Ken",C000059,1953,,0.349,0.22,-73.49069,0.89813,684,23,,0.313,0.577
116,House,29504,71,19,CA,100,,,"LOFGREN, Zoe",L000397,1947,,-0.402,-0.445,-24.95337,0.96333,668,8,,-0.53,-0.34
116,House,29707,71,30,CA,100,,,"SHERMAN, Brad",S000344,1954,,-0.342,-0.147,-16.73872,0.97551,675,9,,-0.437,0.079
116,House,29778,71,13,CA,100,,,"LEE, Barbara",L000551,1946,,-0.682,-0.586,-19.27325,0.97222,684,6,,-0.548,-0.765
116,House,29901,71,5,CA,100,,,"THOMPSON, Michael",T000460,1951,,-0.395,0.065,-34.6586,0.9498,673,17,,-0.432,0.446
116,House,29903,71,32,CA,100,,,"NAPOLITANO, Grace Flores",N000179,1936,,-0.448,-0.249,-16.95299,0.97545,682,9,,-0.463,-0.278
116,House,20704,62,5,CO,200,,,"LAMBORN, Doug",L000564,1954,,0.678,0.202,-66.57843,0.90634,677,28,,0.622,0.327
116,House,20705,62,7,CO,100,,,"PERLMUTTER, Ed",P000593,1953,,-0.281,0.076,-25.52684,0.96149,650,9,,-0.28,-0.054
116,House,21111,62,3,CO,200,,,"TIPTON, Scott",T000470,1956,,0.447,-0.02,-110.47272,0.85166,688,44,,0.425,0.045
116,House,21510,62,4,CO,200,,,"BUCK, Kenneth Robert",B001297,1959,,0.754,-0.458,-99.36273,0.84573,593,42,,0.736,-0.399
116,House,21912,62,6,CO,100,,,"CROW, Jason",C001121,1979,,-0.27,0.402,-40.91589,0.94234,689,14,,-0.27,0.408
116,House,21948,62,2,CO,100,,,"NEGUSE, Joseph",N000191,1984,,-0.441,-0.51,-13.11683,0.98114,689,4,,-0.441,-0.51
116,House,29710,62,1,CO,100,,,"DeGETTE, Diana",D000197,1957,,-0.432,-0.315,-13.10299,0.98114,688,4,,-0.411,-0.447
116,House,20706,1,2,CT,100,,,"COURTNEY, Joe",C001069,1953,,-0.344,0.016,-17.46565,0.97497,689,3,,-0.377,-0.013
116,House,20907,1,4,CT,100,,,"HIMES, James A.",H001047,1966,,-0.242,-0.24,-37.19251,0.9467,679,14,,-0.313,0.138
116,House,21931,1,5,CT,100,,,"HAYES, Jahana",H001081,1973,,-0.349,-0.03,-17.21384,0.97418,658,4,,-0.349,-0.029
116,House,29109,1,3,CT,100,,,"DeLAURO, Rosa L.",D000216,1943,,-0.416,-0.12,-14.44815,0.97851,665,5,,-0.389,-0.062
116,House,29908,1,1,CT,100,,,"LARSON, John B.",L000557,1948,,-0.398,-0.053,-12.22299,0.98229,684,4,,-0.359,-0.013
116,House,21706,11,1,DE,100,,,"BLUNT ROCHESTER, Lisa",B001303,1962,,-0.329,-0.116,-13.22168,0.98097,688,3,,-0.387,-0.145
116,House,20316,43,25,FL,200,,,"DIAZ-BALART, Mario",D000600,1961,,0.278,0.119,-122.20338,0.83639,684,48,,0.279,0.227
116,House,20504,43,23,FL,100,,,"WASSERMAN SCHULTZ, Debbie",W000797,1966,,-0.421,0.067,-22.64253,0.96672,669,5,,-0.351,0.082
116,House,20708,43,14,FL,100,,,"CASTOR, Kathy",C001066,1966,,-0.438,0.046,-12.80848,0.98153,687,3,,-0.398,-0.071
116,House,20709,43,16,FL,200,,,"BUCHANAN, Vernon G.",B001260,1951,,0.359,-0.135,-126.00448,0.82856,670,53,,0.351,-0.022
116,House,20758,43,12,FL,200,,,"BILIRAKIS, Gus",B001257,1963,,0.404,0.016,-114.76346,0.84149,665,54,,0.412,-0.035
116,House,20909,43,8,FL,200,,,"POSEY, Bill",P000599,1947,,0.517,-0.32,-169.33029,0.77813,675,81,,0.528,-0.331
116,House,20959,43,22,FL,100,,,"DEUTCH, Theodore E. (Ted)",D000610,1966,,-0.4,-0.096,-16.0467,0.97644,673,5,,-0.38,0.038
116,House,21116,43,11,FL,200,,,"WEBSTER, Daniel A.",W000806,1949,,0.509,-0.051,-142.90551,0.80182,647,76,,0.573,-0.188
116,House,21118,43,24,FL,100,,,"WILSON, Frederica",W000808,1942,,-0.476,-0.015,-8.91138,0.98557,613,3,,-0.542,0.003
116,House,21317,43,3,FL,200,,,"YOHO, Ted",Y000065,1955,,0.704,-0.361,-121.02821,0.82471,628,53,,0.716,-0.323
116,House,21321,43,21,FL,100,,,"FRANKEL, Lois",F000462,1948,,-0.399,-0.084,-17.80139,0.97303,651,8,,-0.333,-0.022
116,House,21712,43,13,FL,100,,,"CRIST, Charlie Joseph Jr.",C001111,1956,,-0.219,0.027,-29.60796,0.95788,688,14,,-0.28,0.241
116,House,21713,43,10,FL,100,,,"DEMINGS, Valdez Butler",D000627,1957,,-0.341,-0.139,-20.07197,0.97121,687,8,,-0.309,0.053
116,House,21714,43,2,FL,200,,,"DUNN, Neal Patrick",D000628,1953,,0.533,0.2,-118.0872,0.84015,678,56,,0.546,0.14
116,House,21719,43,1,FL,200,,,"GAETZ, Matthew L. II",G000578,1982,,0.621,-0.574,-186.5032,0.73621,609,88,,0.59,-0.631
116,House,21732,43,5,FL,100,,,"LAWSON, Alfred Jr.",L000586,1948,,-0.253,0.082,-30.22659,0.95563,666,13,,-0.247,0.082
116,House,21735,43,18,FL,200,,,"MAST, Brian Jeffery",M001199,1980,,0.412,-0.294,-185.8492,0.75329,656,77,,0.446,-0.357
116,House,21738,43,7,FL,100,,,"MURPHY, Stephanie",M001202,1978,,-0.156,0.069,-74.40892,0.89763,689,28,,-0.174,0.236
116,House,21742,43,19,FL,200,,,"ROONEY, Francis",R000607,1953,,0.508,-0.519,-254.83028,0.60131,501,128,,0.493,-0.67
116,House,21744,43,4,FL,200,,,"RUTHERFORD, John Henry",R000609,1952,,0.399,0.159,-148.96743,0.80011,668,61,,0.436,-0.024
116,House,21746,43,9,FL,100,,,"SOTO, Darren Michael",S001200,1978,,-0.38,0.118,-15.12761,0.97813,684,5,,-0.37,-0.037
116,House,21947,43,26,FL,100,,,"MUCARSEL-POWELL, Debbie",M001207,1971,,-0.348,0.288,-30.04383,0.95709,685,18,,-0.348,0.29
116,House,21963,43,27,FL,100,,,"SHALALA, Donna",S001206,1941,,-0.37,-0.045,-12.82311,0.98151,687,3,,-0.37,-0.044
116,House,21967,43,15,FL,200,,,"SPANO, Ross",S001210,1966,,0.453,0.002,-100.81699,0.86333,686,35,,0.453,0.002
116,House,21971,43,17,FL,200,,,"STEUBE, William",S001214,1978,,0.655,-0.325,-120.31534,0.83607,672,57,,0.655,-0.325
116,House,21981,43,6,FL,200,,,"WALTZ, Michael",W000823,1974,,0.404,-0.149,-124.32665,0.82711,655,60,,0.404,-0.149
116,House,29337,43,20,FL,100,,,"HASTINGS, Alcee Lamar",H000324,1936,,-0.564,0.158,-13.3097,0.97378,501,4,,-0.488,0.227
116,House,15431,44,5,GA,100,,,"LEWIS, John R.",L000287,1940,,-0.589,-0.221,-10.89936,0.98191,597,5,,-0.447,-0.139
116,House,20321,44,13,GA,100,,,"SCOTT, David",S001157,1945,,-0.301,0.163,-20.58516,0.97027,682,4,,-0.393,0.112
116,House,20712,44,4,GA,100,,,"JOHNSON, Hank",J000288,1954,,-0.468,0.01,-26.45242,0.96196,682,8,,-0.4,-0.175
116,House,20962,44,14,GA,200,,,"GRAVES, Tom",G000560,1970,,0.722,-0.005,-100.87203,0.85906,664,33,,0.681,0.129
116,House,21122,44,7,GA,200,,,"WOODALL, Rob",W000810,1970,,0.598,-0.194,-124.2491,0.833,680,54,,0.506,0.059
116,House,21123,44,8,GA,200,,,"SCOTT, Austin",S001189,1969,,0.569,0.181,-88.76249,0.87863,686,32,,0.564,0.267
116,House,21323,44,9,GA,200,,,"COLLINS, Doug",C001093,1966,,0.61,0.119,-77.14696,0.8876,647,30,,0.592,0.275
116,House,21513,44,1,GA,200,,,"CARTER, Buddy",C001103,1957,,0.581,0.258,-84.24729,0.88443,686,31,,0.597,0.162
116,House,21514,44,10,GA,200,,,"HICE, Jody Brownlow",H001071,1960,,0.79,-0.112,-75.48413,0.89193,660,35,,0.857,-0.051
116,House,21515,44,11,GA,200,,,"LOUDERMILK, Barry D.",L000583,1963,,0.688,-0.007,-75.6769,0.88798,637,28,,0.713,0.159
116,House,21516,44,12,GA,200,,,"ALLEN, Rick W.",A000372,1951,,0.677,0.305,-86.18475,0.88242,689,35,,0.757,0.391
116,House,21717,44,3,GA,200,,,"FERGUSON, Anderson Drew IV",F000465,1967,,0.624,0.151,-97.61498,0.86718,685,41,,0.665,0.184
116,House,21944,44,6,GA,100,,,"McBATH, Lucy",M001208,1960,,-0.26,0.323,-42.66647,0.93987,688,14,,-0.26,0.328
116,House,29339,44,2,GA,100,,,"BISHOP, Sanford Dixon, Jr.",B000490,1947,,-0.282,0.464,-53.3413,0.9238,673,28,,-0.339,0.287
116,House,20322,82,1,HI,100,,,"CASE, Ed",C001055,1952,,-0.201,-0.13,-40.91906,0.94226,688,13,,-0.206,0.033
116,House,21324,82,2,HI,100,,,"GABBARD, Tulsi",G000571,1981,,-0.279,-0.256,-11.56342,0.97226,411,3,,-0.366,-0.571
116,House,21920,63,1,ID,200,,,"FULCHER, Russell",F000469,1973,,0.618,0.065,-86.33,0.8811,682,36,,0.618,0.065
116,House,29910,63,2,ID,200,,,"SIMPSON, Michael K.",S001148,1950,,0.296,0.283,-170.30523,0.77377,664,67,,0.332,0.259
116,House,20508,21,3,IL,100,,,"LIPINSKI, Daniel",L000563,1966,,-0.229,0.178,-82.78643,0.88328,667,23,,-0.153,0.05
116,House,20749,21,11,IL,100,,,"FOSTER, Bill",F000454,1955,,-0.228,-0.228,-22.63712,0.96712,677,5,,-0.442,0.067
116,House,20954,21,5,IL,100,,,"QUIGLEY, Mike",Q000023,1958,,-0.321,-0.282,-16.72199,0.97564,678,5,,-0.37,-0.119
116,House,21128,21,16,IL,200,,,"KINZINGER, Adam",K000378,1978,,0.274,0.309,-121.00779,0.82846,643,53,,0.296,0.216
116,House,21326,21,10,IL,100,,,"SCHNEIDER, Brad",S001190,1961,,-0.172,-0.202,-27.7399,0.96043,687,6,,-0.313,0.018
116,House,21328,21,13,IL,200,,,"DAVIS, Rodney",D000619,1970,,0.281,0.165,-106.70341,0.85237,668,36,,0.242,0.332
116,House,21329,21,17,IL,100,,,"BUSTOS, Cheri",B001286,1961,,-0.238,0.035,-20.96856,0.97007,690,6,,-0.317,0.214
116,House,21371,21,2,IL,100,,,"KELLY, Robin L.",K000385,1956,,-0.459,-0.002,-21.40531,0.96932,687,10,,-0.414,0.044
116,House,21519,21,12,IL,200,,,"BOST, Mike",B001295,1960,,0.27,0.504,-72.29564,0.88772,607,28,,0.29,0.461
116,House,21562,21,18,IL,200,,,"LaHOOD, Darin",L000585,1968,,0.463,0.158,-78.83187,0.88774,662,29,,0.473,0.311
116,House,21730,21,8,IL,100,,,"KRISHNAMOORTHI, S. Raja",K000391,1973,,-0.313,-0.103,-30.15473,0.95706,687,13,,-0.331,0.164
116,House,21906,21,6,IL,100,,,"CASTEN, Sean",C001117,1971,,-0.406,0.242,-27.16292,0.96134,689,9,,-0.406,0.244
116,House,21921,21,4,IL,100,,,"GARCÍA, Jesús",G000586,1956,,-0.498,-0.632,-17.65976,0.97455,685,5,,-0.498,-0.632
116,House,21979,21,14,IL,100,,,"UNDERWOOD, Lauren",U000040,1986,,-0.568,0.636,-41.26156,0.94146,684,12,,-0.568,0.638
116,House,29346,21,1,IL,100,,,"RUSH, Bobby L.",R000515,1946,,-0.478,-0.203,-22.36503,0.96648,656,6,,-0.455,-0.181
116,House,29717,21,7,IL,100,,,"DAVIS, Danny K.",D000096,1941,,-0.486,-0.264,-10.11401,0.98506,672,1,,-0.521,-0.432
116,House,29718,21,15,IL,200,,,"SHIMKUS, John M.",S000364,1958,,0.375,0.152,-84.5731,0.87835,652,39,,0.4,0.29
116,House,29911,21,9,IL,100,,,"SCHAKOWSKY, Janice D.",S001145,1944,,-0.606,-0.27,-13.21519,0.98089,685,4,,-0.486,-0.517
116,House,15124,22,1,IN,100,,,"VISCLOSKY, Peter",V000108,1949,,-0.402,0.244,-18.16325,0.9738,684,3,,-0.423,0.133
116,House,20757,22,7,IN,100,,,"CARSON, André",C001072,1974,,-0.431,0.06,-38.13535,0.94585,685,12,,-0.551,0.292
116,House,21132,22,8,IN,200,,,"BUCSHON, Larry",B001275,1962,,0.402,0.255,-83.10811,0.88367,672,36,,0.439,0.32
116,House,21330,22,2,IN,200,,,"WALORSKI, Jackie",W000813,1963,,0.429,0.315,-74.3191,0.89486,669,32,,0.394,0.353
116,House,21331,22,5,IN,200,,,"BROOKS, Susan",B001284,1960,,0.356,0.216,-121.04375,0.83606,676,57,,0.33,0.169
116,House,21702,22,3,IN,200,,,"BANKS, James E.",B001299,1979,,0.633,0.013,-97.85112,0.86778,690,47,,0.628,0.059
116,House,21725,22,9,IN,200,,,"HOLLINGSWORTH, Joseph Albert III",H001074,1983,,0.407,-0.229,-177.51763,0.76905,676,84,,0.385,-0.268
116,House,21903,22,4,IN,200,,,"BAIRD, James",B001307,1945,,0.415,0.622,-72.51242,0.89983,687,34,,0.415,0.622
116,House,21952,22,6,IN,200,,,"PENCE, Gregory",P000615,1956,,0.436,0.628,-73.19801,0.89809,681,31,,0.436,0.628
116,House,20325,31,4,IA,200,,,"KING, Steve",K000362,1949,,0.612,0.181,-178.84034,0.76664,673,83,,0.575,-0.171
116,House,20720,31,2,IA,100,,,"LOEBSACK, Dave",L000565,1952,,-0.276,-0.031,-22.98515,0.96657,676,6,,-0.293,0.165
116,House,21902,31,3,IA,100,,,"AXNE, Cynthia",A000378,1965,,-0.225,0.552,-66.98449,0.90579,677,26,,-0.225,0.541
116,House,21918,31,1,IA,100,,,"FINKENAUER, Abby",F000467,1988,,-0.229,0.449,-61.64378,0.91442,689,32,,-0.228,0.434
116,House,21734,32,1,KS,200,,,"MARSHALL, Roger Wayne",M001198,1960,,0.528,0.17,-105.91972,0.85152,659,50,,0.541,0.142
116,House,21750,32,4,KS,200,,,"ESTES, Ron",E000298,1956,,0.6,0.095,-89.72146,0.87622,679,41,,0.616,0.092
116,House,21914,32,3,KS,100,,,"DAVIDS, Sharice",D000629,1980,,-0.251,0.238,-51.86308,0.92719,686,20,,-0.251,0.229
116,House,21982,32,2,KS,200,,,"WATKINS, Steve",W000824,1976,,0.553,0.094,-100.37825,0.86425,688,43,,0.553,0.094
116,House,14854,51,5,KY,200,,,"ROGERS, Harold Dallas (Hal)",R000395,1937,,0.336,0.109,-78.95754,0.89113,685,25,,0.328,0.62
116,House,20723,51,3,KY,100,,,"YARMUTH, John",Y000062,1947,,-0.378,-0.271,-18.51014,0.97322,682,6,,-0.415,-0.176
116,House,20916,51,2,KY,200,,,"GUTHRIE, Brett",G000558,1964,,0.417,0.273,-60.17577,0.91648,690,24,,0.423,0.514
116,House,21333,51,6,KY,200,,,"BARR, Garland H. (Andy) IV",B001282,1973,,0.492,0.287,-96.22245,0.86859,683,43,,0.502,0.223
116,House,21565,51,1,KY,200,,,"COMER, James",C001108,1972,,0.637,-0.019,-109.57533,0.85178,683,50,,0.65,-0.003
116,House,31102,51,4,KY,200,,,"MASSIE, Thomas",M001184,1971,,0.682,-0.731,-210.33247,0.73023,669,90,,0.919,-0.395
116,House,20759,45,1,LA,200,,,"SCALISE, Steve",S001176,1965,,0.563,0.156,-68.41197,0.90442,681,29,,0.584,0.462
116,House,21137,45,2,LA,100,,,"RICHMOND, Cedric",R000588,1973,,-0.485,0.33,-34.20958,0.94842,646,13,,-0.68,0.381
116,House,21522,45,5,LA,200,,,"ABRAHAM, Ralph",A000374,1954,,0.54,0.252,-62.51516,0.87471,467,29,,0.608,0.129
116,House,21523,45,6,LA,200,,,"GRAVES, Garret",G000577,1972,,0.461,-0.078,-117.56881,0.84101,679,49,,0.414,-0.037
116,House,21724,45,3,LA,200,,,"HIGGINS, Clay",H001077,1961,,0.569,-0.102,-121.21167,0.82216,619,56,,0.581,-0.178
116,House,21727,45,4,LA,200,,,"JOHNSON, Mike",J000299,1972,,0.557,-0.073,-102.2326,0.85363,646,41,,0.55,-0.003
116,House,20920,2,1,ME,100,,,"PINGREE, Chellie",P000597,1955,,-0.42,-0.401,-16.23145,0.97638,679,8,,-0.402,-0.369
116,House,21923,2,2,ME,100,,,"GOLDEN, Jared",G000592,1982,,-0.153,0.442,-144.268,0.81133,690,50,,-0.152,0.434
116,House,14873,52,5,MD,100,,,"HOYER, Steny Hamilton",H000874,1939,,-0.38,0.117,-13.84886,0.97972,676,3,,-0.39,0.132
116,House,15433,52,7,MD,100,,,"MFUME, Kweisi",M000687,1948,,-0.447,-0.439,-0.07904,0.98432,5,0,,-0.573,0.82
116,House,20329,52,2,MD,100,,,"RUPPERSBERGER, C. A. (Dutch)",R000576,1946,,-0.295,0.133,-21.21426,0.96919,678,5,,-0.293,-0.027
116,House,20724,52,3,MD,100,,,"SARBANES, John",S001168,1962,,-0.467,-0.073,-14.91837,0.97852,687,6,,-0.38,-0.077
116,House,21139,52,1,MD,200,,,"HARRIS, Andy",H001052,1957,,0.655,-0.378,-130.36065,0.82532,679,52,,0.761,-0.444
116,House,21707,52,4,MD,100,,,"BROWN, Anthony Gregory",B001304,1961,,-0.343,-0.15,-25.70955,0.96327,687,11,,-0.359,-0.065
116,House,21741,52,8,MD,100,,,"RASKIN, Jamie Ben",R000606,1962,,-0.546,-0.238,-10.7967,0.98438,686,3,,-0.467,-0.514
116,House,21978,52,6,MD,100,,,"TRONE, David",T000483,1955,,-0.283,-0.068,-20.51996,0.97023,679,4,,-0.283,-0.067
116,House,29587,52,7,MD,100,,,"CUMMINGS, Elijah Eugene",C000984,1951,,-0.438,-0.148,-14.38346,0.96718,431,7,,-0.385,-0.096
116,House,15616,3,1,MA,100,,,"NEAL, Richard Edmund",N000015,1949,,-0.417,-0.11,-9.56772,0.98599,678,3,,-0.402,-0.079
116,House,20119,3,8,MA,100,,,"LYNCH, Stephen F.",L000562,1955,,-0.35,0.039,-28.70156,0.95891,684,8,,-0.278,-0.0
116,House,21140,3,9,MA,100,,,"KEATING, William R.",K000375,1952,,-0.329,-0.13,-27.26388,0.96059,678,9,,-0.325,0.034
116,House,21335,3,4,MA,100,,,"KENNEDY, Joseph P. III",K000379,1980,,-0.423,-0.187,-11.74516,0.98288,680,4,,-0.474,-0.484
116,House,21375,3,5,MA,100,,,"CLARK, Katherine M.",C001101,1963,,-0.483,-0.375,-13.5767,0.98026,681,4,,-0.398,-0.269
116,House,21525,3,6,MA,100,,,"MOULTON, Seth",M001196,1978,,-0.286,-0.067,-68.29688,0.89325,605,26,,-0.218,0.193
116,House,21955,3,7,MA,100,,,"PRESSLEY, Ayanna",P000617,1974,,-0.284,-0.959,-34.64976,0.95032,680,16,,-0.284,-0.959
116,House,21977,3,3,MA,100,,,"TRAHAN, Lori",T000482,1973,,-0.42,-0.273,-10.0075,0.9856,690,5,,-0.42,-0.272
116,House,29729,3,2,MA,100,,,"McGOVERN, James P.",M000312,1959,,-0.539,-0.3,-10.18576,0.98526,686,3,,-0.468,-0.515
116,House,15446,23,6,MI,200,,,"UPTON, Frederick Stephen",U000031,1953,,0.335,-0.383,-165.94815,0.78485,685,81,,0.246,-0.048
116,House,20725,23,7,MI,200,,,"WALBERG, Tim",W000798,1951,,0.517,0.064,-92.43631,0.87359,684,35,,0.459,0.186
116,House,21142,23,2,MI,200,,,"HUIZENGA, Bill",H001058,1969,,0.588,-0.07,-123.81032,0.83287,677,49,,0.508,-0.032
116,House,21143,23,3,MI,200,,,"AMASH, Justin",A000367,1980,,0.654,-0.757,-172.05329,0.62734,369,65,,0.919,-0.395
116,House,21372,23,5,MI,100,,,"KILDEE, Dan",K000380,1958,,-0.395,-0.215,-12.49185,0.98206,690,4,,-0.462,-0.307
116,House,21526,23,4,MI,200,,,"MOOLENAAR, John",M001194,1961,,0.398,0.43,-65.40261,0.90932,688,26,,0.403,0.365
116,House,21529,23,12,MI,100,,,"DINGELL, Debbie",D000624,1953,,-0.406,-0.141,-18.07186,0.97339,670,8,,-0.371,-0.425
116,House,21530,23,14,MI,100,,,"LAWRENCE, Brenda L",L000581,1954,,-0.446,-0.034,-9.64132,0.98552,661,2,,-0.503,-0.044
116,House,21704,23,1,MI,200,,,"BERGMAN, John",B001301,1947,,0.425,0.052,-115.20157,0.84331,676,53,,0.423,0.071
116,House,21737,23,10,MI,200,,,"MITCHELL, Paul",M001201,1961,,0.426,0.31,-99.69878,0.86288,676,40,,0.427,0.278
116,House,21940,23,9,MI,100,,,"LEVIN, Andy",L000592,1960,,-0.518,-0.52,-9.9352,0.98566,688,4,,-0.518,-0.52
116,House,21965,23,8,MI,100,,,"SLOTKIN, Elissa",S001208,1976,,-0.317,0.787,-85.6542,0.8831,689,34,,-0.317,0.784
116,House,21972,23,11,MI,100,,,"STEVENS, Haley",S001215,1983,,-0.325,0.374,-37.11062,0.94756,689,15,,-0.325,0.377
116,House,21975,23,13,MI,100,,,"TLAIB, Rashida",T000481,1976,,-0.274,-0.962,-37.28239,0.94695,684,15,,-0.274,-0.962
116,House,91143,23,3,MI,328,,,"AMASH, Justin",A000367,1980,,0.317,-0.948,-212.29133,0.50751,313,112,,0.338,-0.941
116,House,20122,33,4,MN,100,,,"McCOLLUM, Betty",M001143,1954,,-0.418,-0.191,-23.35869,0.96667,689,6,,-0.468,-0.116
116,House,21531,33,6,MN,200,,,"EMMER, Thomas Earl II",E000294,1961,,0.459,-0.057,-119.74943,0.82887,638,47,,0.495,0.004
116,House,21910,33,2,MN,100,,,"CRAIG, Angela",C001119,1972,,-0.299,0.676,-68.55385,0.90542,690,21,,-0.299,0.682
116,House,21929,33,1,MN,200,,,"HAGEDORN, Jim",H001088,1962,,0.444,0.446,-66.05172,0.9082,686,32,,0.444,0.446
116,House,21950,33,5,MN,100,,,"OMAR, Ilhan",O000173,1981,,-0.299,-0.954,-46.00202,0.93238,657,18,,-0.312,-0.95
116,House,21953,33,3,MN,100,,,"PHILLIPS, Dean",P000616,1969,,-0.229,0.035,-42.93938,0.93967,690,11,,-0.228,0.037
116,House,21969,33,8,MN,200,,,"STAUBER, Peter",S001212,1966,,0.279,0.198,-115.64807,0.84486,686,50,,0.294,0.132
116,House,29127,33,7,MN,100,,,"PETERSON, Collin Clark",P000258,1944,,-0.149,0.712,-188.69544,0.7583,682,94,,-0.183,0.832
116,House,21148,46,4,MS,200,,,"PALAZZO, Steven",P000601,1970,,0.525,0.546,-80.51525,0.88581,664,38,,0.626,0.561
116,House,21561,46,1,MS,200,,,"KELLY, Trent",K000388,1966,,0.625,0.256,-75.2896,0.8946,676,30,,0.67,0.288
116,House,21927,46,3,MS,200,,,"GUEST, Michael",G000591,1970,,0.482,0.264,-81.08309,0.88775,681,35,,0.482,0.264
116,House,29368,46,2,MS,100,,,"THOMPSON, Bennie",T000193,1948,,-0.516,0.4,-20.51712,0.96966,666,8,,-0.554,0.231
116,House,20124,34,6,MO,200,,,"GRAVES, Samuel",G000546,1963,,0.442,0.173,-102.41794,0.85825,670,43,,0.527,0.395
116,House,20147,34,1,MO,100,,,"CLAY, William Lacy, Jr.",C001049,1956,,-0.481,-0.08,-15.80236,0.97641,662,7,,-0.614,-0.005
116,House,20517,34,5,MO,100,,,"CLEAVER, Emanuel, II",C001061,1944,,-0.454,0.017,-27.39981,0.95897,654,12,,-0.503,0.136
116,House,20926,34,3,MO,200,,,"LUETKEMEYER, Blaine",L000569,1952,,0.437,0.257,-92.5746,0.87376,686,42,,0.38,0.453
116,House,21149,34,4,MO,200,,,"HARTZLER, Vicky",H001053,1960,,0.465,0.329,-98.36407,0.86402,673,34,,0.384,0.369
116,House,21150,34,7,MO,200,,,"LONG, Billy",L000576,1955,,0.545,0.243,-108.27775,0.8524,678,42,,0.538,0.064
116,House,21337,34,2,MO,200,,,"WAGNER, Ann",W000812,1962,,0.45,0.151,-112.57739,0.84597,673,51,,0.41,0.122
116,House,21373,34,8,MO,200,,,"SMITH, Jason",S001195,1980,,0.597,0.206,-82.10614,0.88766,689,39,,0.571,0.231
116,House,21751,64,1,MT,200,,,"GIANFORTE, Greg",G000584,1961,,0.438,0.072,-86.67458,0.86835,614,36,,0.448,0.077
116,House,20518,35,1,NE,200,,,"FORTENBERRY, Jeff",F000449,1960,,0.301,-0.063,-148.2004,0.80261,674,66,,0.315,-0.076
116,House,20729,35,3,NE,200,,,"SMITH, Adrian",S001172,1970,,0.516,0.186,-93.06606,0.87296,685,42,,0.559,0.247
116,House,21701,35,2,NE,200,,,"BACON, Donald J.",B001298,1963,,0.41,-0.12,-157.63168,0.79576,690,82,,0.403,-0.163
116,House,20927,65,1,NV,100,,,"TITUS, Alice (Dina)",T000468,1950,,-0.302,-0.218,-16.2259,0.976,668,7,,-0.386,-0.379
116,House,21196,65,2,NV,200,,,"AMODEI, Mark E.",A000369,1958,,0.381,0.204,-104.83601,0.85575,673,49,,0.388,0.277
116,House,21339,65,4,NV,100,,,"HORSFORD, Steven",H001066,1973,,-0.355,0.091,-40.52528,0.94239,683,18,,-0.487,0.486
116,House,21938,65,3,NV,100,,,"LEE, Susie",L000590,1966,,-0.293,0.385,-41.34719,0.94175,689,17,,-0.293,0.389
116,House,21340,4,2,NH,100,,,"KUSTER, Ann McLane",K000382,1956,,-0.255,-0.128,-24.85038,0.96406,679,7,,-0.325,0.065
116,House,21951,4,1,NH,100,,,"PAPPAS, Chris",P000614,1980,,-0.366,0.31,-32.19338,0.95435,689,14,,-0.374,0.269
116,House,14863,12,4,NJ,200,,,"SMITH, Christopher Henry",S000522,1953,,0.164,-0.168,-184.55152,0.75543,658,78,,0.212,-0.157
116,House,15454,12,6,NJ,100,,,"PALLONE, Frank, Jr.",P000034,1951,,-0.404,-0.163,-14.8948,0.97864,690,6,,-0.396,-0.432
116,House,20542,12,8,NJ,100,,,"SIRES, Albio",S001165,1951,,-0.405,0.095,-12.02618,0.98208,665,4,,-0.402,0.107
116,House,21536,12,1,NJ,100,,,"NORCROSS, Donald",N000188,1958,,-0.426,0.325,-26.73907,0.96172,685,7,,-0.407,-0.068
116,House,21538,12,12,NJ,100,,,"WATSON COLEMAN, Bonnie",W000822,1945,,-0.625,-0.137,-44.1714,0.93764,686,17,,-0.411,-0.175
116,House,21723,12,5,NJ,100,,,"GOTTHEIMER, Josh S.",G000583,1975,,-0.139,0.203,-88.74943,0.87898,688,44,,-0.163,0.459
116,House,21937,12,3,NJ,100,,,"KIM, Andy",K000394,1982,,-0.268,0.386,-42.84306,0.9398,690,15,,-0.267,0.39
116,House,21942,12,7,NJ,100,,,"MALINOWSKI, Tomaz",M001203,1965,,-0.275,0.114,-31.19176,0.95561,687,10,,-0.279,0.073
116,House,21964,12,11,NJ,100,,,"SHERRILL, Mikie",S001207,1972,,-0.176,0.241,-58.74229,0.91793,686,22,,-0.176,0.247
116,House,21980,12,2,NJ,100,,,"VAN DREW, Jefferson",V000133,1953,,-0.147,0.644,-89.13305,0.85956,589,37,,-0.147,0.643
116,House,29741,12,9,NJ,100,,,"PASCRELL, William J., Jr.",P000096,1937,,-0.366,-0.005,-20.98739,0.96974,683,6,,-0.336,-0.224
116,House,31103,12,10,NJ,100,,,"PAYNE, Donald, Jr.",P000604,1958,,-0.517,-0.102,-24.26391,0.96204,627,7,,-0.523,-0.076
116,House,91980,12,2,NJ,200,,,"VAN DREW, Jefferson",V000133,1953,,0.187,-0.278,-25.9706,0.73132,83,15,,0.185,-0.291
116,House,20932,66,3,NM,100,,,"LUJÁN, Ben Ray",L000570,1972,,-0.367,0.014,-19.57695,0.97191,687,10,,-0.301,-0.247
116,House,21928,66,1,NM,100,,,"HAALAND, Debra",H001080,1960,,-0.319,-0.303,-16.73437,0.9759,686,6,,-0.319,-0.302
116,House,21976,66,2,NM,100,,,"TORRES SMALL, Xochitl",T000484,1984,,-0.17,0.282,-78.81712,0.89161,687,30,,-0.17,0.282
116,House,15603,13,16,NY,100,,,"ENGEL, Eliot Lance",E000179,1947,,-0.408,-0.094,-15.98659,0.97693,685,5,,-0.562,-0.28
116,House,15612,13,17,NY,100,,,"LOWEY, Nita M.",L000480,1937,,-0.389,-0.155,-12.07703,0.98227,675,3,,-0.413,0.01
116,House,20519,13,26,NY,100,,,"HIGGINS, Brian",H001038,1959,,-0.347,-0.032,-15.68526,0.97726,682,7,,-0.364,-0.062
116,House,20733,13,9,NY,100,,,"CLARKE, Yvette Diane",C001067,1964,,-0.614,-0.204,-23.7697,0.96589,685,9,,-0.533,-0.501
116,House,20934,13,20,NY,100,,,"TONKO, Paul",T000469,1949,,-0.42,-0.265,-13.71801,0.97982,673,8,,-0.348,-0.461
116,House,21101,13,23,NY,200,,,"REED, Thomas W. II",R000585,1971,,0.28,0.11,-137.68863,0.81498,673,57,,0.235,0.21
116,House,21342,13,6,NY,100,,,"MENG, Grace",M001188,1975,,-0.378,-0.162,-44.40626,0.93642,676,20,,-0.285,-0.342
116,House,21343,13,8,NY,100,,,"JEFFRIES, Hakeem",J000294,1970,,-0.487,-0.09,-15.38105,0.97754,677,5,,-0.471,-0.125
116,House,21344,13,18,NY,100,,,"MALONEY, Sean Patrick",M001185,1966,,-0.238,0.119,-37.08764,0.94722,684,18,,-0.304,0.357
116,House,21345,13,27,NY,200,,,"COLLINS, Chris",C001092,1950,,0.357,0.236,-61.83374,0.87498,463,22,,0.328,0.316
116,House,21539,13,1,NY,200,,,"ZELDIN, Lee M",Z000017,1980,,0.387,-0.131,-154.01593,0.79785,682,66,,0.422,-0.168
116,House,21540,13,4,NY,100,,,"RICE, Kathleen Maura",R000602,1965,,-0.284,0.026,-50.97239,0.926,663,23,,-0.259,0.25
116,House,21541,13,21,NY,200,,,"STEFANIK, Elise M",S001196,1984,,0.221,0.001,-137.78062,0.81852,688,60,,0.227,-0.034
116,House,21542,13,24,NY,200,,,"KATKO, John",K000386,1962,,0.204,-0.009,-127.6133,0.82563,666,52,,0.195,-0.009
116,House,21715,13,13,NY,100,,,"ESPAILLAT, Adriano J.",E000297,1954,,-0.616,-0.141,-18.11979,0.97401,688,7,,-0.503,-0.568
116,House,21747,13,3,NY,100,,,"SUOZZI, Thomas",S001201,1962,,-0.21,0.083,-47.75163,0.93276,686,20,,-0.287,0.288
116,House,21761,13,25,NY,100,,,"MORELLE, Joseph D.",M001206,1957,,-0.32,0.103,-21.45944,0.96829,666,5,,-0.3,0.076
116,House,21904,13,22,NY,100,,,"BRINDISI, Anthony",B001308,1978,,-0.154,0.572,-122.79341,0.83632,687,43,,-0.154,0.579
116,House,21916,13,19,NY,100,,,"DELGADO, Antonio",D000630,1977,,-0.206,0.165,-52.65821,0.92652,690,16,,-0.206,0.169
116,House,21949,13,14,NY,100,,,"OCASIO-CORTEZ, Alexandria",O000172,1989,,-0.224,-0.975,-57.80569,0.91919,686,23,,-0.224,-0.975
116,House,21958,13,11,NY,100,,,"ROSE, Max",R000613,1986,,-0.176,0.236,-96.15354,0.86832,681,34,,-0.176,0.242
116,House,29134,13,15,NY,100,,,"SERRANO, José E.",S000248,1943,,-0.491,-0.377,-9.65137,0.98396,597,3,,-0.407,-0.291
116,House,29375,13,2,NY,200,,,"KING, Peter T.",K000210,1944,,0.259,-0.033,-139.76273,0.8147,682,51,,0.255,-0.02
116,House,29377,13,10,NY,100,,,"NADLER, Jerrold Lewis",N000002,1947,,-0.509,-0.505,-12.65137,0.98132,671,4,,-0.541,-0.319
116,House,29378,13,7,NY,100,,,"VELÁZQUEZ, Nydia M.",V000081,1953,,-0.547,-0.338,-10.38121,0.98476,676,3,,-0.46,-0.576
116,House,29379,13,12,NY,100,,,"MALONEY, Carolyn Bosher",M000087,1946,,-0.387,-0.279,-10.99708,0.98417,689,4,,-0.429,-0.392
116,House,29776,13,5,NY,100,,,"MEEKS, Gregory W.",M001137,1953,,-0.413,-0.073,-16.51802,0.97495,651,7,,-0.513,0.089
116,House,15438,47,4,NC,100,,,"PRICE, David Eugene",P000523,1940,,-0.343,-0.031,-13.86892,0.97999,686,5,,-0.401,-0.176
116,House,20340,47,1,NC,100,,,"BUTTERFIELD, George Kenneth, Jr. (G.K.)",B001251,1947,,-0.404,0.181,-17.92258,0.97403,681,6,,-0.452,0.062
116,House,20521,47,5,NC,200,,,"FOXX, Virginia Ann",F000450,1943,,0.631,0.123,-122.95257,0.83591,686,52,,0.566,0.0
116,House,20522,47,10,NC,200,,,"McHENRY, Patrick T.",M001156,1975,,0.552,0.076,-150.74632,0.79879,671,58,,0.411,0.064
116,House,21346,47,8,NC,200,,,"HUDSON, Richard",H001067,1971,,0.582,0.103,-124.29423,0.82571,649,55,,0.475,0.103
116,House,21348,47,11,NC,200,,,"MEADOWS, Mark",M001187,1959,,0.605,-0.201,-132.76565,0.81396,645,60,,0.587,-0.209
116,House,21349,47,2,NC,200,,,"HOLDING, George E.B.",H001065,1968,,0.609,0.144,-74.44258,0.88888,632,27,,0.544,0.217
116,House,21543,47,6,NC,200,,,"WALKER, Bradley Mark",W000819,1969,,0.641,0.022,-75.62392,0.88358,611,32,,0.675,0.176
116,House,21544,47,7,NC,200,,,"ROUZER, David",R000603,1972,,0.572,0.146,-102.15533,0.86146,685,42,,0.542,0.105
116,House,21545,47,12,NC,100,,,"ADAMS, Alma",A000370,1946,,-0.466,0.012,-13.05199,0.98059,666,4,,-0.425,-0.099
116,House,21708,47,13,NC,200,,,"BUDD, Theodore Paul",B001305,1971,,0.67,-0.102,-99.30522,0.86431,681,42,,0.662,-0.093
116,House,21986,47,9,NC,200,,,"BISHOP, Dan",B001311,1964,,0.865,0.066,-15.99143,0.92316,200,7,,0.865,0.066
116,House,21987,47,3,NC,200,,,"MURPHY, Gregory Francis",M001210,1963,,0.618,0.082,-24.40685,0.89221,214,11,,0.618,0.082
116,House,29546,47,3,NC,200,,,"JONES, Walter Beaman, Jr.",J000255,1943,,0.244,-0.362,,,,,,,
116,House,21901,36,1,ND,200,,,"ARMSTRONG, Kelly",A000377,1976,,0.451,0.09,-115.45717,0.84127,668,49,,0.451,0.09
116,House,15029,24,9,OH,100,,,"KAPTUR, Marcia Carolyn (Marcy)",K000009,1946,,-0.35,0.109,-22.59731,0.96717,677,7,,-0.437,0.276
116,House,20342,24,10,OH,200,,,"TURNER, Michael R.",T000463,1960,,0.27,0.205,-95.66088,0.86841,678,29,,0.302,0.248
116,House,20343,24,13,OH,100,,,"RYAN, Timothy J.",R000577,1973,,-0.403,0.214,-15.53884,0.97158,539,6,,-0.357,0.03
116,House,20738,24,4,OH,200,,,"JORDAN, Jim",J000289,1964,,0.718,-0.218,-89.12043,0.87717,680,38,,0.762,-0.181
116,House,20755,24,5,OH,200,,,"LATTA, Robert E.",L000566,1956,,0.518,0.26,-56.01192,0.92192,689,13,,0.508,0.324
116,House,20941,24,11,OH,100,,,"FUDGE, Marcia L.",F000455,1952,,-0.581,0.14,-39.10398,0.94009,633,14,,-0.532,0.371
116,House,21162,24,6,OH,200,,,"JOHNSON, Bill",J000292,1954,,0.433,0.283,-64.22508,0.90937,676,26,,0.439,0.414
116,House,21163,24,15,OH,200,,,"STIVERS, Steve",S001187,1965,,0.299,0.271,-109.96738,0.84303,644,48,,0.299,0.272
116,House,21165,24,7,OH,200,,,"GIBBS, Bob",G000563,1954,,0.474,0.321,-73.29451,0.89782,680,26,,0.513,0.5
116,House,21351,24,2,OH,200,,,"WENSTRUP, Brad",W000815,1958,,0.551,0.177,-84.62267,0.88118,669,30,,0.507,0.219
116,House,21352,24,3,OH,100,,,"BEATTY, Joyce",B001281,1950,,-0.429,0.064,-13.48312,0.97966,656,4,,-0.455,-0.091
116,House,21353,24,14,OH,200,,,"JOYCE, David",J000295,1957,,0.264,0.271,-96.32396,0.869,686,33,,0.288,0.247
116,House,21564,24,8,OH,200,,,"DAVIDSON, Warren",D000626,1970,,0.708,-0.349,-152.53876,0.79932,681,77,,0.678,-0.407
116,House,21759,24,12,OH,200,,,"BALDERSON, Troy",B001306,1962,,0.442,0.501,-61.86577,0.91412,689,23,,0.443,0.502
116,House,21924,24,16,OH,200,,,"GONZALEZ, Anthony",G000588,1984,,0.294,0.224,-94.29458,0.87122,684,35,,0.294,0.224
116,House,29550,24,1,OH,200,,,"CHABOT, Steve",C000266,1953,,0.572,-0.213,-96.43453,0.86957,690,35,,0.501,0.183
116,House,20344,53,4,OK,200,,,"COLE, Tom",C001053,1949,,0.33,0.359,-110.17711,0.85202,688,42,,0.288,0.416
116,House,21355,53,2,OK,200,,,"MULLIN, Markwayne",M001190,1977,,0.514,0.377,-94.33873,0.85885,620,38,,0.538,0.196
116,House,21760,53,1,OK,200,,,"HERN, Kevin",H001082,1961,,0.68,0.051,-85.67588,0.88227,684,36,,0.69,0.058
116,House,21933,53,5,OK,100,,,"HORN, Kendra",H001083,1976,,-0.177,0.536,-102.62648,0.86143,688,43,,-0.177,0.53
116,House,29393,53,3,OK,200,,,"LUCAS, Frank D.",L000491,1960,,0.362,0.416,-56.57996,0.91602,645,22,,0.329,0.624
116,House,15410,72,4,OR,100,,,"DeFAZIO, Peter Anthony",D000191,1947,,-0.429,0.003,-37.46554,0.94562,670,13,,-0.524,-0.504
116,House,20944,72,5,OR,100,,,"SCHRADER, Kurt",S001180,1951,,-0.189,0.063,-100.48414,0.86169,675,45,,-0.145,0.146
116,House,21198,72,1,OR,100,,,"BONAMICI, Suzanne",B001278,1954,,-0.393,-0.396,-12.60856,0.98187,689,3,,-0.456,-0.347
116,House,29588,72,3,OR,100,,,"BLUMENAUER, Earl",B000574,1948,,-0.427,-0.668,-21.08703,0.96947,680,7,,-0.453,-0.79
116,House,29932,72,2,OR,200,,,"WALDEN, Greg",W000791,1957,,0.334,-0.013,-114.48656,0.84609,685,47,,0.275,0.21
116,House,20946,14,15,PA,200,,,"THOMPSON, Glenn",T000467,1959,,0.31,0.39,-76.97704,0.89146,670,21,,0.317,0.421
116,House,21167,14,16,PA,200,,,"KELLY, Mike",K000376,1948,,0.345,0.454,-117.93061,0.83838,669,54,,0.451,0.149
116,House,21170,14,12,PA,200,,,"MARINO, Thomas A.",M001179,1952,,0.352,0.477,-0.28897,0.98751,23,0,,0.0,0.0
116,House,21356,14,10,PA,200,,,"PERRY, Scott",P000605,1962,,0.623,-0.347,-136.24648,0.81673,673,71,,0.573,-0.301
116,House,21358,14,8,PA,100,,,"CARTWRIGHT, Matt",C001090,1961,,-0.371,-0.046,-11.94349,0.98209,661,2,,-0.388,0.02
116,House,21548,14,2,PA,100,,,"BOYLE, Brendan Francis",B001296,1977,,-0.396,0.133,-26.04107,0.96254,682,11,,-0.392,-0.219
116,House,21566,14,3,PA,100,,,"EVANS, Dwight",E000296,1954,,-0.454,-0.072,-11.19303,0.98363,678,2,,-0.488,-0.071
116,House,21718,14,1,PA,200,,,"FITZPATRICK, Brian K.",F000466,1973,,0.177,-0.187,-146.97995,0.80587,681,62,,0.152,-0.127
116,House,21745,14,11,PA,200,,,"SMUCKER, Lloyd K.",S001199,1964,,0.42,0.279,-62.27885,0.90782,644,28,,0.437,0.229
116,House,21756,14,17,PA,100,,,"LAMB, Conor",L000588,1984,,-0.118,0.138,-96.88653,0.86864,688,46,,-0.139,0.223
116,House,21762,14,5,PA,100,,,"SCANLON, Mary Gay",S001205,1959,,-0.493,0.012,-13.12002,0.98108,687,4,,-0.552,0.093
116,House,21763,14,7,PA,100,,,"WILD, Susan",W000826,1957,,-0.351,0.611,-59.11553,0.9172,684,24,,-0.332,0.573
116,House,21915,14,4,PA,100,,,"DEAN, Madeleine",D000631,1959,,-0.528,0.039,-10.59132,0.9847,687,4,,-0.528,0.039
116,House,21934,14,6,PA,100,,,"HOULAHAN, Christina",H001085,1967,,-0.313,0.564,-37.9415,0.94635,688,12,,-0.312,0.569
116,House,21936,14,13,PA,200,,,"JOYCE, John",J000302,1957,,0.543,0.132,-66.79609,0.90205,648,28,,0.543,0.132
116,House,21945,14,9,PA,200,,,"MEUSER, Dan",M001204,1964,,0.569,0.358,-82.84709,0.8822,661,37,,0.569,0.358
116,House,21956,14,14,PA,200,,,"RESCHENTHALER, Guy",R000610,1983,,0.35,0.451,-79.00258,0.88924,673,27,,0.35,0.452
116,House,21985,14,12,PA,200,,,"KELLER, Fred",K000395,1965,,0.476,0.205,-56.58995,0.88987,485,23,,0.476,0.205
116,House,29561,14,18,PA,100,,,"DOYLE, Michael F.",D000482,1953,,-0.33,0.114,-26.85982,0.9603,663,9,,-0.429,-0.357
116,House,20136,5,2,RI,100,,,"LANGEVIN, James",L000559,1964,,-0.376,0.108,-29.46361,0.95796,686,7,,-0.29,-0.026
116,House,21172,5,1,RI,100,,,"CICILLINE, David N.",C001084,1961,,-0.391,-0.283,-20.49223,0.97053,685,7,,-0.43,-0.199
116,House,20138,48,2,SC,200,,,"WILSON, Addison Graves (Joe)",W000795,1947,,0.538,0.106,-104.77559,0.85463,667,47,,0.491,0.12
116,House,21174,48,3,SC,200,,,"DUNCAN, Jeff",D000615,1966,,0.731,-0.186,-98.60617,0.86629,687,34,,0.713,-0.122
116,House,21359,48,7,SC,200,,,"RICE, Tom",R000597,1957,,0.603,-0.281,-148.39528,0.80159,671,77,,0.632,-0.329
116,House,21753,48,5,SC,200,,,"NORMAN, Ralph",N000190,1953,,0.785,-0.203,-82.69207,0.8834,667,42,,0.816,-0.175
116,House,21913,48,1,SC,100,,,"CUNNINGHAM, Joe",C001122,1982,,-0.12,0.458,-130.00979,0.82574,679,50,,-0.119,0.453
116,House,21974,48,4,SC,200,,,"TIMMONS, William",T000480,1984,,0.592,0.183,-75.91951,0.88544,624,29,,0.592,0.183
116,House,39301,48,6,SC,100,,,"CLYBURN, James Enos",C000537,1940,,-0.464,0.254,-23.60012,0.96199,609,7,,-0.396,0.031
116,House,21935,37,1,SD,200,,,"JOHNSON, Dustin",J000301,1976,,0.488,0.049,-94.27657,0.87212,689,27,,0.488,0.049
116,House,15019,54,5,TN,100,,,"COOPER, James Hayes Shofner",C000754,1954,,-0.162,-0.031,-83.88641,0.88362,678,21,,-0.247,0.26
116,House,20748,54,9,TN,100,,,"COHEN, Stephen",C001068,1949,,-0.4,-0.353,-24.70382,0.96417,677,10,,-0.375,-0.274
116,House,20947,54,1,TN,200,,,"ROE, David P. (Phil)",R000582,1945,,0.485,0.023,-81.97316,0.885,671,32,,0.451,0.15
116,House,21178,54,3,TN,200,,,"FLEISCHMANN, Chuck",F000459,1962,,0.457,0.31,-86.02465,0.88279,690,40,,0.412,0.413
116,House,21179,54,4,TN,200,,,"DESJARLAIS, Scott",D000616,1964,,0.58,-0.089,-86.38899,0.87749,661,37,,0.549,0.035
116,House,21731,54,8,TN,200,,,"KUSTOFF, David",K000392,1966,,0.533,0.266,-62.70181,0.91079,671,22,,0.519,0.596
116,House,21905,54,2,TN,200,,,"BURCHETT, Timothy",B001309,1964,,0.71,-0.228,-113.11337,0.84676,680,49,,0.71,-0.228
116,House,21926,54,7,TN,200,,,"GREEN, Mark",G000590,1964,,0.72,0.126,-66.69142,0.8948,600,28,,0.72,0.126
116,House,21959,54,6,TN,200,,,"ROSE, John",R000612,1965,,0.681,0.122,-96.73809,0.86499,667,40,,0.681,0.122
116,House,20355,49,26,TX,200,,,"BURGESS, Michael C.",B001248,1950,,0.577,-0.214,-131.2328,0.82449,680,64,,0.626,-0.127
116,House,20356,49,31,TX,200,,,"CARTER, John R.",C001051,1941,,0.473,0.607,-117.70257,0.83225,641,52,,0.544,0.839
116,House,20527,49,1,TX,200,,,"GOHMERT, Louie",G000552,1953,,0.624,-0.333,-135.94891,0.80563,629,67,,0.703,-0.439
116,House,20529,49,9,TX,100,,,"GREEN, Al",G000553,1947,,-0.438,0.312,-24.95224,0.96428,686,12,,-0.4,-0.064
116,House,20530,49,10,TX,200,,,"McCAUL, Michael T.",M001157,1962,,0.437,0.09,-122.08336,0.83676,685,52,,0.337,0.26
116,House,20531,49,11,TX,200,,,"CONAWAY, K. Michael",C001062,1948,,0.591,0.367,-73.59571,0.89869,689,34,,0.602,0.539
116,House,20532,49,24,TX,200,,,"MARCHANT, Kenny",M001158,1951,,0.601,0.153,-109.45013,0.83451,605,42,,0.601,0.012
116,House,20533,49,28,TX,100,,,"CUELLAR, Henry",C001063,1955,,-0.227,0.623,-119.02031,0.84093,687,57,,-0.333,0.87
116,House,20948,49,22,TX,200,,,"OLSON, Pete",O000168,1962,,0.549,0.309,-84.01004,0.88116,664,35,,0.59,0.316
116,House,21182,49,17,TX,200,,,"FLORES, Bill",F000461,1954,,0.573,0.283,-98.14911,0.86448,674,36,,0.516,0.15
116,House,21360,49,14,TX,200,,,"WEBER, Randy",W000814,1953,,0.709,0.036,-98.11529,0.86321,667,43,,0.725,-0.018
116,House,21362,49,20,TX,100,,,"CASTRO, Joaquin",C001091,1974,,-0.398,-0.015,-28.53891,0.95805,666,11,,-0.598,-0.159
116,House,21364,49,25,TX,200,,,"WILLIAMS, Roger",W000816,1949,,0.587,0.092,-97.75018,0.86425,670,41,,0.566,0.05
116,House,21365,49,33,TX,100,,,"VEASEY, Marc",V000131,1971,,-0.403,0.286,-27.4653,0.96053,682,8,,-0.339,0.084
116,House,21366,49,34,TX,100,,,"VELA, Filemon",V000132,1963,,-0.312,0.415,-83.59528,0.88512,685,32,,-0.439,0.499
116,House,21549,49,4,TX,200,,,"RATCLIFFE, John",R000601,1965,,0.693,0.113,-74.52081,0.88536,612,34,,0.654,0.116
116,House,21550,49,23,TX,200,,,"HURD, William Ballard",H001073,1977,,0.293,0.226,-152.94586,0.79752,676,62,,0.214,0.305
116,House,21551,49,36,TX,200,,,"BABIN, Brian",B001291,1948,,0.698,0.131,-101.87282,0.85816,666,46,,0.703,0.11
116,House,21700,49,19,TX,200,,,"ARRINGTON, Jodey Cook",A000375,1972,,0.625,-0.035,-115.93586,0.84325,680,63,,0.647,-0.101
116,House,21722,49,15,TX,100,,,"GONZALEZ, Vicente Jr.",G000581,1967,,-0.378,0.667,-74.07705,0.89307,655,32,,-0.516,0.857
116,House,21758,49,27,TX,200,,,"CLOUD, Michael",C001115,1975,,0.647,-0.238,-133.1871,0.82283,683,57,,0.648,-0.26
116,House,21900,49,32,TX,100,,,"ALLRED, Colin",A000376,1983,,-0.444,0.636,-37.15446,0.94621,672,17,,-0.443,0.639
116,House,21911,49,2,TX,200,,,"CRENSHAW, Daniel",C001120,1984,,0.392,0.381,-75.88222,0.89426,679,33,,0.392,0.382
116,House,21917,49,16,TX,100,,,"ESCOBAR, Veronica",E000299,1969,,-0.504,-0.199,-11.42997,0.98336,681,5,,-0.504,-0.199
116,House,21919,49,7,TX,100,,,"FLETCHER, Elizabeth",F000468,1975,,-0.434,0.842,-64.63138,0.91021,687,31,,-0.432,0.845
116,House,21922,49,29,TX,100,,,"GARCIA, Sylvia",G000587,1950,,-0.762,0.535,-44.14052,0.93803,690,13,,-0.762,0.537
116,House,21925,49,5,TX,200,,,"GOODEN, Lance",G000589,1982,,0.73,0.089,-70.43914,0.90063,673,28,,0.73,0.089
116,House,21961,49,21,TX,200,,,"ROY, Charles",R000614,1972,,0.8,-0.6,-124.07609,0.83231,676,47,,1.0,-0.03
116,House,21973,49,3,TX,200,,,"TAYLOR, Nicholas",T000479,1972,,0.552,-0.138,-124.19923,0.83461,687,58,,0.552,-0.138
116,House,21984,49,6,TX,200,,,"WRIGHT, Ron",W000827,1953,,0.73,-0.046,-59.37331,0.89642,543,24,,0.73,-0.046
116,House,29571,49,35,TX,100,,,"DOGGETT, Lloyd Alton, II",D000399,1946,,-0.403,-0.314,-31.68141,0.95341,664,9,,-0.436,-0.436
116,House,29572,49,13,TX,200,,,"THORNBERRY, William McClellan (Mac)",T000238,1958,,0.525,0.309,-101.6699,0.85921,670,47,,0.501,0.265
116,House,29573,49,18,TX,100,,,"JACKSON LEE, Sheila",J000032,1950,,-0.46,0.129,-17.69474,0.97424,678,8,,-0.569,-0.111
116,House,29760,49,8,TX,200,,,"BRADY, Kevin Patrick",B000755,1955,,0.524,0.216,-104.49315,0.85129,649,46,,0.581,0.232
116,House,29762,49,12,TX,200,,,"GRANGER, Kay",G000377,1943,,0.397,0.239,-97.49761,0.85829,638,45,,0.441,0.333
116,House,39305,49,30,TX,100,,,"JOHNSON, Eddie Bernice",J000126,1935,,-0.485,0.204,-19.96995,0.97063,670,8,,-0.371,0.038
116,House,20357,67,1,UT,200,,,"BISHOP, Robert (Rob)",B001250,1951,,0.536,0.101,-130.17216,0.82026,657,61,,0.571,-0.01
116,House,21367,67,2,UT,200,,,"STEWART, Chris",S001192,1960,,0.529,0.159,-76.46661,0.89394,682,36,,0.539,0.343
116,House,21755,67,3,UT,200,,,"CURTIS, John R.",C001114,1960,,0.542,0.007,-86.19047,0.87437,642,36,,0.54,0.024
116,House,21943,67,4,UT,100,,,"McADAMS, Ben",M001209,1974,,-0.068,0.292,-197.37789,0.7506,688,77,,-0.068,0.286
116,House,20750,6,1,VT,100,,,"WELCH, Peter",W000800,1947,,-0.409,-0.35,-17.34846,0.97429,666,7,,-0.505,-0.312
116,House,20756,40,1,VA,200,,,"WITTMAN, Robert J.",W000804,1959,,0.444,-0.019,-118.30328,0.84139,685,53,,0.53,0.151
116,House,20952,40,11,VA,100,,,"CONNOLLY, Gerald E. (Gerry)",C001078,1950,,-0.306,-0.014,-47.21511,0.9333,684,22,,-0.225,-0.077
116,House,21191,40,9,VA,200,,,"GRIFFITH, H. Morgan",G000568,1958,,0.552,-0.436,-159.17193,0.79076,678,68,,0.569,-0.354
116,House,21554,40,8,VA,100,,,"BEYER, Donald Sternoff Jr.",B001292,1950,,-0.386,-0.045,-15.62174,0.97702,672,6,,-0.348,-0.291
116,House,21736,40,4,VA,100,,,"MCEACHIN, Aston Donald",M001200,1961,,-0.378,-0.107,-35.49649,0.93815,556,14,,-0.294,-0.081
116,House,21908,40,6,VA,200,,,"CLINE, Benjamin",C001118,1972,,0.716,-0.183,-107.53244,0.85569,690,48,,0.716,-0.183
116,House,21941,40,2,VA,100,,,"LURIA, Elaine",L000591,1975,,-0.175,0.381,-97.54715,0.86673,682,48,,-0.179,0.379
116,House,21957,40,5,VA,200,,,"RIGGLEMAN, Denver",R000611,1970,,0.486,-0.042,-105.87237,0.85641,683,37,,0.486,-0.042
116,House,21966,40,7,VA,100,,,"SPANBERGER, Abigail",S001209,1979,,-0.164,0.428,-93.16627,0.87335,688,36,,-0.164,0.419
116,House,21983,40,10,VA,100,,,"WEXTON, Jennifer",W000825,1968,,-0.412,0.48,-23.71672,0.96612,688,13,,-0.412,0.483
116,House,39307,40,3,VA,100,,,"SCOTT, Robert C.",S000185,1947,,-0.45,0.015,-36.78485,0.94801,689,13,,-0.347,0.114
116,House,20145,73,2,WA,100,,,"LARSEN, Richard Ray (Rick)",L000560,1965,,-0.364,0.189,-36.9419,0.9475,685,10,,-0.453,0.147
116,House,20535,73,5,WA,200,,,"McMORRIS RODGERS, Cathy",M001159,1969,,0.425,0.115,-110.69894,0.84895,676,49,,0.401,-0.023
116,House,21187,73,3,WA,200,,,"HERRERA BEUTLER, Jaime",H001056,1978,,0.359,-0.191,-109.88571,0.80919,519,54,,0.274,-0.015
116,House,21368,73,6,WA,100,,,"KILMER, Derek",K000381,1974,,-0.309,-0.01,-28.319,0.95967,688,14,,-0.389,0.406
116,House,21369,73,10,WA,100,,,"HECK, Denny",H001064,1952,,-0.311,-0.127,-15.33996,0.97769,680,4,,-0.294,-0.197
116,House,21556,73,4,WA,200,,,"NEWHOUSE, Daniel Milton",N000189,1955,,0.349,0.236,-89.44395,0.87692,681,39,,0.325,0.3
116,House,21726,73,7,WA,100,,,"JAYAPAL, Pramila",J000298,1965,,-0.698,-0.228,-27.30405,0.96081,683,10,,-0.569,-0.745
116,House,21962,73,8,WA,100,,,"SCHRIER, Kim",S001216,1968,,-0.332,0.423,-33.70459,0.95219,688,16,,-0.331,0.427
116,House,29768,73,9,WA,100,,,"SMITH, Adam",S000510,1965,,-0.284,-0.161,-14.70524,0.97845,675,7,,-0.362,-0.314
116,House,31101,73,1,WA,100,,,"DelBENE, Suzan K.",D000617,1962,,-0.28,-0.23,-16.32167,0.97652,687,2,,-0.334,-0.222
116,House,21188,56,1,WV,200,,,"McKINLEY, David",M001180,1947,,0.3,0.188,-119.79,0.84063,690,50,,0.323,0.339
116,House,21557,56,2,WV,200,,,"MOONEY, Alex X.",M001195,1971,,0.578,-0.287,-152.12277,0.80111,686,68,,0.575,-0.269
116,House,21946,56,3,WV,200,,,"MILLER, Carol",M001205,1950,,0.459,0.415,-69.36589,0.90316,681,26,,0.459,0.415
116,House,14657,25,5,WI,200,,,"SENSENBRENNER, Frank James, Jr.",S000244,1943,,0.638,-0.581,-155.5739,0.77293,604,80,,0.567,-0.273
116,House,20537,25,4,WI,100,,,"MOORE, Gwendolynne S. (Gwen)",M001160,1951,,-0.529,-0.249,-22.88003,0.96682,678,11,,-0.472,-0.38
116,House,21189,25,7,WI,200,,,"DUFFY, Sean",D000614,1971,,0.511,-0.109,-100.93909,0.79459,439,46,,0.515,0.012
116,House,21370,25,2,WI,100,,,"POCAN, Mark",P000607,1964,,-0.541,-0.535,-26.24231,0.96198,677,7,,-0.45,-0.853
116,House,21559,25,6,WI,200,,,"GROTHMAN, Glenn",G000576,1955,,0.616,-0.288,-140.01677,0.81039,666,67,,0.617,-0.331
116,House,21720,25,8,WI,200,,,"GALLAGHER, Michael",G000579,1984,,0.444,-0.049,-140.56654,0.81374,682,59,,0.399,-0.037
116,House,21970,25,1,WI,200,,,"STEIL, Bryan",S001213,1981,,0.425,-0.06,-114.22428,0.84579,682,49,,0.425,-0.061
116,House,29769,25,3,WI,100,,,"KIND, Ron",K000188,1963,,-0.262,-0.082,-58.40257,0.91556,662,23,,-0.243,0.135
116,House,21710,68,1,WY,200,,,"CHENEY, Liz",C001109,1966,,0.509,0.5,-101.03404,0.85905,665,50,,0.503,0.588
